,Outflow_pc,Inflow_pc,Net_pc
from_2000,0.05641656767376835,0.03654274345437584,0.04335839214952804
