,Outflow_pc,Inflow_pc,Net_pc
from_2000,0.04184381862917902,0.02746101393419603,0.031851804985052974
minus_3,0.04256973517272686,0.027656746706279278,0.03198812885661137
minus_5,0.042409442522890486,0.027605669193818693,0.031960484968095004
minus_10,0.04253988608684331,0.027440582126963587,0.031850718816142175
