,Outflow_pc,Inflow_pc,Net_pc
from_2000,0.07368197172980977,0.010923904730542501,0.011607643321881422
