,Outflow_pc,Inflow_pc,Net_pc
from_2000,0.06664912518423524,0.009991860887001814,0.07845093347992481
minus_3,0.07108033714453929,0.010245065800091989,0.082691856852978
minus_10,0.06709757507071588,0.010383742224311928,0.07725794755040692
