,Outflow_pc,Inflow_pc,Net_pc
from_2000,0.6251184316888423,0.7583123884427521,0.3110061298445934
minus_3,0.6003664478016608,0.7521583871793653,0.274079425749604
minus_10,0.6225960340386388,0.7488333869334786,0.32148350667312775
