,Outflow_pc,Inflow_pc,Net_pc
from_2000,0.8052227590978425,0.8186456260009092,0.4861805680135338
minus_3,0.8040708506412877,0.8176791991206606,0.4842352870830784
minus_5,0.8048542197012313,0.8183349786839128,0.4841782785748421
minus_10,0.8025894139319886,0.8194360444422011,0.4861429611980823
