,Outflow_pc,Inflow_pc,Net_pc
from_2000,0.5855607550440436,0.735767694020012,0.27452488107145134
