,Outflow_pc,Inflow_pc,Net_pc
from_2000,0.2714442331857683,0.10451748528615919,0.10773877353061627
