,Outflow_pc,Inflow_pc,Net_pc
from_2000,0.25816491857770923,0.09995929615099244,0.28009093787540645
minus_3,0.2666089592353177,0.10121791244681935,0.28756191829409194
minus_10,0.25903199622964707,0.10190064879239939,0.27795313912673647
