,Outflow_pc,Inflow_pc,Net_pc
from_2000,0.06968062580878741,0.03086776989251134,0.052697583468513415
