,Outflow_pc,Inflow_pc,Net_pc
from_2000,0.8048174952598858,0.8227081092371243,0.4896697517906208
minus_3,0.8044088069529635,0.8168032692330619,0.4913082729276578
minus_5,0.7995551796223648,0.817549961640004,0.5137785161519244
minus_10,0.8022652766831404,0.819281620958419,0.48629284173390297
