,Outflow_pc,Inflow_pc,Net_pc
from_2000,0.7924602054170793,0.8276982036589327,0.6769579383432793
