,Outflow_pc,Inflow_pc,Net_pc
from_2000,0.15127397708086068,0.09907962223437747,0.06282841250670693
