,Outflow_pc,Inflow_pc,Net_pc
from_2000,0.0715338750161956,0.04216919787147341,0.07217005091156417
minus_3,0.09906586937006688,0.060246787252871845,0.07794547375578575
minus_10,0.08161027324178582,0.049625497844324205,0.0743194091627831
