,Outflow_pc,Inflow_pc,Net_pc
from_2000,0.0703309861250268,0.04236405237858444,0.04701657396705395
minus_3,0.0936080173257615,0.058091323713942204,0.05104398933210196
minus_5,0.0875433828099295,0.05392059505761997,0.05031843639761324
minus_10,0.07915997191913643,0.04848936250333783,0.04904804594778683
