,Outflow_pc,Inflow_pc,Net_pc
from_2000,0.07097603455056407,0.04223945965895933,0.04722194604988389
