,from_2000_Outflow_pc,from_2000_Inflow_pc,from_2000_Net_pc
change_mean_daily_mean_temp,0.16108449323626706,0.1630187920002889,0.19757956108864005
deaths,0.05054314444325332,0.05437880392226457,0.031110372227596442
historic_mean_avg_temp,0.2328962158153906,0.21371226629160564,0.2809226242530373
historic_mean_precip,0.34191541805837317,0.3273004592234912,0.2878562136063001
property_damage,0.2135607284467159,0.24158967856234967,0.2025312288244262
