,Outflow_pc,Inflow_pc,Net_pc
from_2000,0.09147670635124051,0.013383658241868554,0.012375421823540905
