,Outflow_pc,Inflow_pc,Net_pc
from_2000,0.09082922231304681,0.013533618287573193,0.012354539589572444
minus_3,0.10162743272195311,0.016889049444284567,0.012647229602741051
minus_5,0.0993598293169843,0.01574691634583156,0.012594517135850945
minus_10,0.09246481081247025,0.014869058559274045,0.01251433135256403
