,Outflow_pc,Inflow_pc,Net_pc
from_2000,0.4851492903222958,0.6760649506540428,0.22607856989269626
