,Outflow_pc,Inflow_pc,Net_pc
from_2000,0.5109885125564451,0.6972396998124764,0.19563865355977905
minus_3,0.45261451634212946,0.6008311617672284,0.17361731427629734
minus_10,0.4995294608036073,0.6578125484737165,0.1930284716680699
