,Outflow_pc,Inflow_pc,Net_pc
from_2000,0.30137886839167544,0.11633408050770502,0.11115097655698956
minus_3,0.3187905781574373,0.12995787565316913,0.11245990219958868
minus_5,0.3152139421361059,0.12548671780643383,0.11222529632774843
minus_10,0.30408027034398377,0.1219387492115367,0.1118674722721669
