,Outflow_pc,Inflow_pc,Net_pc
from_2000,0.2947637903498757,0.1118427694035578,0.30253834257682705
minus_3,0.3119282817416371,0.12841357961653388,0.30671909240929157
minus_10,0.2981974054560341,0.11890236376686805,0.30302881897092027
