,Outflow_pc,Inflow_pc,Net_pc
from_2000,0.30245116358056967,0.11568776185002697,0.11124487324610022
