,Outflow_pc,Inflow_pc,Net_pc
from_2000,0.07969886004121723,0.0443968984097797,0.0758411922563707
