,Outflow_pc,Inflow_pc,Net_pc
from_2000,0.41639832481856687,0.5591557853780923,0.30108855489572084
