,Outflow_pc,Inflow_pc,Net_pc
from_2000,0.0423944917729763,0.027533993398314444,0.03189916956639915
