,Outflow_pc,Inflow_pc,Net_pc
from_2000,0.05920447869270711,0.03756042301167264,0.06591310277637683
minus_3,0.0611319650772498,0.03820892291222906,0.06803574662811321
minus_10,0.0584566458217557,0.037491375585474294,0.06603177750501893
