,Outflow_pc,Inflow_pc,Net_pc
from_2000,0.05676701322188156,0.036511266227760714,0.04284818981532584
minus_3,0.05748468387962126,0.037706154709046334,0.04376389926760321
minus_5,0.05723001594623257,0.036923388023828434,0.0429179007737566
minus_10,0.05666879251030827,0.03628656570643483,0.043694063617814784
