,Outflow_pc,Inflow_pc,Net_pc
from_2000,0.007988157824459738,0.0023581623088785074,0.0028283127118828473
