,Outflow_pc,Inflow_pc,Net_pc
from_2000,0.07423998745105924,0.010982162192366486,0.011345214760084649
minus_3,0.07504478302952551,0.011345677267358936,0.01168854072116559
minus_5,0.0743584801621326,0.011072860999641738,0.01141369271042831
minus_10,0.07371313446588691,0.010802366245011897,0.011699700274973251
