,Outflow_pc,Inflow_pc,Net_pc
from_2000,0.5824220820585237,0.7343585364103475,0.29092660765800726
minus_3,0.5780772233105972,0.7255331486051166,0.2696826256221724
minus_5,0.5818715806742271,0.7320905307941761,0.28675141382748925
minus_10,0.585385473893073,0.7387075214067592,0.2687713420333764
