,Outflow_pc,Inflow_pc,Net_pc
from_2000,0.8039863322064296,0.8179191448944505,0.4848151009160384
