,Outflow_pc,Inflow_pc,Net_pc
from_2000,0.08937649480965193,0.04856091338595792,0.053181883305152396
