,Outflow_pc,Inflow_pc,Net_pc
from_2000,0.2594988979248485,0.10102545276302573,0.28000048984130776
minus_3,0.2641816135884903,0.10225402393742264,0.29041626820781935
minus_10,0.25833957918861106,0.10095934326349987,0.27935464628211965
